experiment_id,raw_experiment_id,experiment_source,model,optimizer,dataset_id,repetition,outer_fold,metric,problem_type,reshuffling,mitigation,inner_split,selection_set_size,selection_strategy,test_score_source,score_scale,selected_iteration,selection_score,val_score,test_score,train_score,meta_overfitting,overtuning,relative_overtuning,regret,early_stopped
LGBM_363700_20260405_160514::363700_rep0_fold0_hebo_roc_auc_mlplan,363700_rep0_fold0_hebo_roc_auc_mlplan,LGBM_363700_20260405_160514,LGBM,hebo,363700,0,0,roc_auc,binary,,mlplan,,,mlplan_final,retrain,raw,57,0.2159516765285996,0.2159516765285996,0.2332144289423137,0.14863867097369643,0.01726275241371411,0.007524748295586248,0.5996635828427191,0.007524748295586248,
LGBM_363700_20260405_160514::363700_rep0_fold0_hebo_roc_auc_mlplan,363700_rep0_fold0_hebo_roc_auc_mlplan,LGBM_363700_20260405_160514,LGBM,hebo,363700,0,0,roc_auc,binary,,mlplan,,,mlplan_final,cv_ensemble,raw,57,0.2159516765285996,0.2159516765285996,0.23883952128670038,0.14863867097369643,0.022887844758100795,0.010374232222386537,0.5087991718426533,0.010374232222386537,
LGBM_363700_20260405_160514::363700_rep0_fold0_hebo_roc_auc_mlplan,363700_rep0_fold0_hebo_roc_auc_mlplan,LGBM_363700_20260405_160514,LGBM,hebo,363700,0,0,roc_auc,binary,,mlplan,,,mlplan_final,retrain,normalized,57,0.22492689400864588,0.22492689400864588,0.044069239500567084,0.2811257095655228,-0.18085765450807878,0.020232690124857528,0.5996635828427189,0.020232690124857528,
LGBM_363700_20260405_160514::363700_rep0_fold0_hebo_roc_auc_mlplan,363700_rep0_fold0_hebo_roc_auc_mlplan,LGBM_363700_20260405_160514,LGBM,hebo,363700,0,0,roc_auc,binary,,mlplan,,,mlplan_final,cv_ensemble,normalized,57,0.22492689400864588,0.22492689400864588,0.054179786117493856,0.2811257095655228,-0.17074710789115202,0.027884151703401517,0.5087991718426533,0.027884151703401517,
LGBM_363700_20260405_160514::363700_rep0_fold0_smac_roc_auc_mlplan,363700_rep0_fold0_smac_roc_auc_mlplan,LGBM_363700_20260405_160514,LGBM,smac,363700,0,0,roc_auc,binary,,mlplan,,,mlplan_final,retrain,raw,123,0.22106755424063107,0.22106755424063107,0.22622791649956742,0.12914628518689442,0.005160362258936346,0.0037993119024000155,0.11568123393316594,0.0037993119024000155,
LGBM_363700_20260405_160514::363700_rep0_fold0_smac_roc_auc_mlplan,363700_rep0_fold0_smac_roc_auc_mlplan,LGBM_363700_20260405_160514,LGBM,smac,363700,0,0,roc_auc,binary,,mlplan,,,mlplan_final,cv_ensemble,raw,123,0.22106755424063107,0.22106755424063107,0.23627498575258032,0.12914628518689442,0.015207431511949254,0.013666969204466195,0.4076172489770194,0.013666969204466195,
LGBM_363700_20260405_160514::363700_rep0_fold0_smac_roc_auc_mlplan,363700_rep0_fold0_smac_roc_auc_mlplan,LGBM_363700_20260405_160514,LGBM,smac,363700,0,0,roc_auc,binary,,mlplan,,,mlplan_final,retrain,normalized,123,0.23770278871667153,0.23770278871667153,0.025283768444948996,0.24425905333439063,-0.21241902027172252,0.010215664018161492,0.11568123393316593,0.010215664018161492,
LGBM_363700_20260405_160514::363700_rep0_fold0_smac_roc_auc_mlplan,363700_rep0_fold0_smac_roc_auc_mlplan,LGBM_363700_20260405_160514,LGBM,smac,363700,0,0,roc_auc,binary,,mlplan,,,mlplan_final,cv_ensemble,normalized,123,0.23770278871667153,0.23770278871667153,0.04728675573710035,0.24425905333439063,-0.19041603297957116,0.03673446231526365,0.4076172489770194,0.03673446231526365,
LGBM_363700_20260405_160514::363700_rep1_fold0_hebo_roc_auc_mlplan,363700_rep1_fold0_hebo_roc_auc_mlplan,LGBM_363700_20260405_160514,LGBM,hebo,363700,1,0,roc_auc,binary,,mlplan,,,mlplan_final,retrain,raw,45,0.24046705638777244,0.24046705638777244,0.21903413964659457,0.20390985825768448,-0.021432916741177865,0.011022473837708047,0.1910780669144985,0.011022473837708047,
LGBM_363700_20260405_160514::363700_rep1_fold0_hebo_roc_auc_mlplan,363700_rep1_fold0_hebo_roc_auc_mlplan,LGBM_363700_20260405_160514,LGBM,hebo,363700,1,0,roc_auc,binary,,mlplan,,,mlplan_final,cv_ensemble,raw,45,0.24046705638777244,0.24046705638777244,0.2179619145651055,0.20390985825768448,-0.02250514182266694,0.014153371075656285,0.44029352901934765,0.014153371075656285,
LGBM_363700_20260405_160514::363700_rep1_fold0_hebo_roc_auc_mlplan,363700_rep1_fold0_hebo_roc_auc_mlplan,LGBM_363700_20260405_160514,LGBM,hebo,363700,1,0,roc_auc,binary,,mlplan,,,mlplan_final,retrain,normalized,45,0.32441570672839426,0.32441570672839426,0.05721207603428954,0.40006774283345065,-0.26720363069410474,0.03192943222760601,0.19107806691449847,0.03192943222760601,
LGBM_363700_20260405_160514::363700_rep1_fold0_hebo_roc_auc_mlplan,363700_rep1_fold0_hebo_roc_auc_mlplan,LGBM_363700_20260405_160514,LGBM,hebo,363700,1,0,roc_auc,binary,,mlplan,,,mlplan_final,cv_ensemble,normalized,45,0.32441570672839426,0.32441570672839426,0.04979406614546102,0.40006774283345065,-0.27462164058293326,0.0325548129331395,0.4402935290193476,0.0325548129331395,
LGBM_363700_20260405_160514::363700_rep1_fold0_smac_roc_auc_mlplan,363700_rep1_fold0_smac_roc_auc_mlplan,LGBM_363700_20260405_160514,LGBM,smac,363700,1,0,roc_auc,binary,,mlplan,,,mlplan_final,retrain,raw,2,0.2360278894166361,0.2360278894166361,0.23956724995711098,0.21641867449320862,0.0035393605404748785,0.03095513810259054,4.510937499999931,0.03095513810259054,
LGBM_363700_20260405_160514::363700_rep1_fold0_smac_roc_auc_mlplan,363700_rep1_fold0_smac_roc_auc_mlplan,LGBM_363700_20260405_160514,LGBM,smac,363700,1,0,roc_auc,binary,,mlplan,,,mlplan_final,cv_ensemble,raw,2,0.2360278894166361,0.2360278894166361,0.24354520500943555,0.21641867449320862,0.007517315592799445,0.02901441070509514,1.6786600496277961,0.02901441070509514,
LGBM_363700_20260405_160514::363700_rep1_fold0_smac_roc_auc_mlplan,363700_rep1_fold0_smac_roc_auc_mlplan,LGBM_363700_20260405_160514,LGBM,smac,363700,1,0,roc_auc,binary,,mlplan,,,mlplan_final,retrain,normalized,2,0.3136350832709438,0.3136350832709438,0.11669151447384733,0.4246098317722819,-0.19694356879709646,0.08966952416449261,4.510937499999932,0.08966952416449261,
LGBM_363700_20260405_160514::363700_rep1_fold0_smac_roc_auc_mlplan,363700_rep1_fold0_smac_roc_auc_mlplan,LGBM_363700_20260405_160514,LGBM,smac,363700,1,0,roc_auc,binary,,mlplan,,,mlplan_final,cv_ensemble,normalized,2,0.3136350832709438,0.3136350832709438,0.10863935679581734,0.4246098317722819,-0.20499572647512648,0.06673736651293541,1.6786600496277964,0.06673736651293541,
LGBM_363700_20260405_160514::363700_rep2_fold0_hebo_roc_auc_mlplan,363700_rep2_fold0_hebo_roc_auc_mlplan,LGBM_363700_20260405_160514,LGBM,hebo,363700,2,0,roc_auc,binary,,mlplan,,,mlplan_final,retrain,raw,139,0.1924842888290368,0.1924842888290368,0.2708214624881292,0.1429026303645594,0.07833717365909243,0.00776353276353281,0.1643629052525769,0.00776353276353281,
LGBM_363700_20260405_160514::363700_rep2_fold0_hebo_roc_auc_mlplan,363700_rep2_fold0_hebo_roc_auc_mlplan,LGBM_363700_20260405_160514,LGBM,hebo,363700,2,0,roc_auc,binary,,mlplan,,,mlplan_final,cv_ensemble,raw,139,0.1924842888290368,0.1924842888290368,0.29814814814814805,0.1429026303645594,0.10566385931911126,0.026329534662867915,2.6722891566264906,0.026329534662867915,
LGBM_363700_20260405_160514::363700_rep2_fold0_hebo_roc_auc_mlplan,363700_rep2_fold0_hebo_roc_auc_mlplan,LGBM_363700_20260405_160514,LGBM,hebo,363700,2,0,roc_auc,binary,,mlplan,,,mlplan_final,retrain,normalized,139,0.2166726243051549,0.2166726243051549,0.05464266619140965,0.28231636718358283,-0.16202995811374526,0.023311352700053606,0.16436290525257688,0.023311352700053606,
LGBM_363700_20260405_160514::363700_rep2_fold0_hebo_roc_auc_mlplan,363700_rep2_fold0_hebo_roc_auc_mlplan,LGBM_363700_20260405_160514,LGBM,hebo,363700,2,0,roc_auc,binary,,mlplan,,,mlplan_final,cv_ensemble,normalized,139,0.2166726243051549,0.2166726243051549,0.15745436105476654,0.28231636718358283,-0.05921826325038837,0.09372887085868799,2.6722891566264906,0.09372887085868799,
LGBM_363700_20260405_160514::363700_rep2_fold0_smac_roc_auc_mlplan,363700_rep2_fold0_smac_roc_auc_mlplan,LGBM_363700_20260405_160514,LGBM,smac,363700,2,0,roc_auc,binary,,mlplan,,,mlplan_final,retrain,raw,91,0.19297165576503783,0.19297165576503783,0.26983618233618234,0.1278264882325797,0.07686452657114451,0.006730769230769207,0.39320388349514424,0.006730769230769207,
LGBM_363700_20260405_160514::363700_rep2_fold0_smac_roc_auc_mlplan,363700_rep2_fold0_smac_roc_auc_mlplan,LGBM_363700_20260405_160514,LGBM,smac,363700,2,0,roc_auc,binary,,mlplan,,,mlplan_final,cv_ensemble,raw,91,0.19297165576503783,0.19297165576503783,0.2989553656220323,0.1278264882325797,0.10598370985699446,0.029320987654321007,1.8999999999999928,0.029320987654321007,
LGBM_363700_20260405_160514::363700_rep2_fold0_smac_roc_auc_mlplan,363700_rep2_fold0_smac_roc_auc_mlplan,LGBM_363700_20260405_160514,LGBM,smac,363700,2,0,roc_auc,binary,,mlplan,,,mlplan_final,retrain,normalized,91,0.21786566800360802,0.21786566800360802,0.05168419176617333,0.25253215910437704,-0.16618147623743468,0.02021030119408298,0.39320388349514424,0.02021030119408298,
LGBM_363700_20260405_160514::363700_rep2_fold0_smac_roc_auc_mlplan,363700_rep2_fold0_smac_roc_auc_mlplan,LGBM_363700_20260405_160514,LGBM,smac,363700,2,0,roc_auc,binary,,mlplan,,,mlplan_final,cv_ensemble,normalized,91,0.21786566800360802,0.21786566800360802,0.1603279242731577,0.25253215910437704,-0.057537743730450314,0.1043779580797837,1.899999999999993,0.1043779580797837,
